{"cameraMode":{"drawMode":0,"name":"Shaded","section":"Shading Mode"},"sceneLighting":true,"audioPlay":false,"sceneViewState":{"m_AlwaysRefresh":false,"showFog":true,"showSkybox":true,"showFlares":true,"showImageEffects":true,"showParticleSystems":true,"showVisualEffectGraphs":true,"m_FxEnabled":true},"in2DMode":false,"pivot":{"x":-8.081308364868164,"y":-47.76118087768555,"z":39.625083923339847},"rotation":{"x":-0.41110920906066897,"y":0.06472232192754746,"z":-0.029277389869093896,"w":-0.9088224768638611},"size":41.18513107299805,"orthographic":false}